RecordType,CreationDate,UserIds,Operations,AuditData,ResultIndex,ResultCount,Identity,IsValid,ObjectState
AzureActiveDirectoryStsLogon,4/08/2026 8:00:00 AM,casey.morgan@northstar.example,UserLoginFailed,"{""ClientIP"":""198.51.100.77"",""CreationTime"":""2026-08-04T08:00:00Z"",""ErrorNumber"":50074,""Id"":""00000000-0000-4000-8000-000000000001"",""LogonError"":""UserStrongAuthClientAuthNRequiredInterrupt"",""Operation"":""UserLoginFailed"",""Organization"":""northstar.example"",""ResultStatus"":""Failed"",""UserId"":""casey.morgan@northstar.example"",""Workload"":""AzureActiveDirectory""}",1,120,northstar-audit-001,true,Unchanged
AzureActiveDirectoryStsLogon,4/08/2026 8:11:00 AM,casey.morgan@northstar.example,UserLoginFailed,"{""ClientIP"":""198.51.100.77"",""CreationTime"":""2026-08-04T08:11:00Z"",""ErrorNumber"":50074,""Id"":""00000000-0000-4000-8000-000000000002"",""LogonError"":""UserStrongAuthClientAuthNRequiredInterrupt"",""Operation"":""UserLoginFailed"",""Organization"":""northstar.example"",""ResultStatus"":""Failed"",""UserId"":""casey.morgan@northstar.example"",""Workload"":""AzureActiveDirectory""}",2,120,northstar-audit-002,true,Unchanged
AzureActiveDirectoryStsLogon,4/08/2026 8:22:00 AM,casey.morgan@northstar.example,UserLoginFailed,"{""ClientIP"":""198.51.100.77"",""CreationTime"":""2026-08-04T08:22:00Z"",""ErrorNumber"":50074,""Id"":""00000000-0000-4000-8000-000000000003"",""LogonError"":""UserStrongAuthClientAuthNRequiredInterrupt"",""Operation"":""UserLoginFailed"",""Organization"":""northstar.example"",""ResultStatus"":""Failed"",""UserId"":""casey.morgan@northstar.example"",""Workload"":""AzureActiveDirectory""}",3,120,northstar-audit-003,true,Unchanged
AzureActiveDirectoryStsLogon,4/08/2026 8:33:00 AM,casey.morgan@northstar.example,UserLoginFailed,"{""ClientIP"":""198.51.100.77"",""CreationTime"":""2026-08-04T08:33:00Z"",""ErrorNumber"":50074,""Id"":""00000000-0000-4000-8000-000000000004"",""LogonError"":""UserStrongAuthClientAuthNRequiredInterrupt"",""Operation"":""UserLoginFailed"",""Organization"":""northstar.example"",""ResultStatus"":""Failed"",""UserId"":""casey.morgan@northstar.example"",""Workload"":""AzureActiveDirectory""}",4,120,northstar-audit-004,true,Unchanged
AzureActiveDirectoryStsLogon,4/08/2026 8:44:00 AM,casey.morgan@northstar.example,UserLoginFailed,"{""ClientIP"":""198.51.100.77"",""CreationTime"":""2026-08-04T08:44:00Z"",""ErrorNumber"":50074,""Id"":""00000000-0000-4000-8000-000000000005"",""LogonError"":""UserStrongAuthClientAuthNRequiredInterrupt"",""Operation"":""UserLoginFailed"",""Organization"":""northstar.example"",""ResultStatus"":""Failed"",""UserId"":""casey.morgan@northstar.example"",""Workload"":""AzureActiveDirectory""}",5,120,northstar-audit-005,true,Unchanged
AzureActiveDirectoryStsLogon,4/08/2026 8:55:00 AM,casey.morgan@northstar.example,UserLoginFailed,"{""ClientIP"":""198.51.100.77"",""CreationTime"":""2026-08-04T08:55:00Z"",""ErrorNumber"":50074,""Id"":""00000000-0000-4000-8000-000000000006"",""LogonError"":""UserStrongAuthClientAuthNRequiredInterrupt"",""Operation"":""UserLoginFailed"",""Organization"":""northstar.example"",""ResultStatus"":""Failed"",""UserId"":""casey.morgan@northstar.example"",""Workload"":""AzureActiveDirectory""}",6,120,northstar-audit-006,true,Unchanged
AzureActiveDirectoryStsLogon,4/08/2026 9:06:00 AM,casey.morgan@northstar.example,UserLoginFailed,"{""ClientIP"":""198.51.100.77"",""CreationTime"":""2026-08-04T09:06:00Z"",""ErrorNumber"":50074,""Id"":""00000000-0000-4000-8000-000000000007"",""LogonError"":""UserStrongAuthClientAuthNRequiredInterrupt"",""Operation"":""UserLoginFailed"",""Organization"":""northstar.example"",""ResultStatus"":""Failed"",""UserId"":""casey.morgan@northstar.example"",""Workload"":""AzureActiveDirectory""}",7,120,northstar-audit-007,true,Unchanged
AzureActiveDirectoryStsLogon,4/08/2026 9:17:00 AM,casey.morgan@northstar.example,UserLoginFailed,"{""ClientIP"":""192.0.2.44"",""CreationTime"":""2026-08-04T09:17:00Z"",""ErrorNumber"":50074,""Id"":""00000000-0000-4000-8000-000000000008"",""LogonError"":""UserStrongAuthClientAuthNRequiredInterrupt"",""Operation"":""UserLoginFailed"",""Organization"":""northstar.example"",""ResultStatus"":""Failed"",""UserId"":""casey.morgan@northstar.example"",""Workload"":""AzureActiveDirectory""}",8,120,northstar-audit-008,true,Unchanged
AzureActiveDirectoryStsLogon,4/08/2026 9:28:00 AM,casey.morgan@northstar.example,UserLoginFailed,"{""ClientIP"":""192.0.2.44"",""CreationTime"":""2026-08-04T09:28:00Z"",""ErrorNumber"":50074,""Id"":""00000000-0000-4000-8000-000000000009"",""LogonError"":""UserStrongAuthClientAuthNRequiredInterrupt"",""Operation"":""UserLoginFailed"",""Organization"":""northstar.example"",""ResultStatus"":""Failed"",""UserId"":""casey.morgan@northstar.example"",""Workload"":""AzureActiveDirectory""}",9,120,northstar-audit-009,true,Unchanged
AzureActiveDirectoryStsLogon,4/08/2026 9:39:00 AM,casey.morgan@northstar.example,UserLoginFailed,"{""ClientIP"":""192.0.2.44"",""CreationTime"":""2026-08-04T09:39:00Z"",""ErrorNumber"":50074,""Id"":""00000000-0000-4000-8000-000000000010"",""LogonError"":""UserStrongAuthClientAuthNRequiredInterrupt"",""Operation"":""UserLoginFailed"",""Organization"":""northstar.example"",""ResultStatus"":""Failed"",""UserId"":""casey.morgan@northstar.example"",""Workload"":""AzureActiveDirectory""}",10,120,northstar-audit-010,true,Unchanged
AzureActiveDirectoryStsLogon,4/08/2026 9:50:00 AM,casey.morgan@northstar.example,UserLoggedIn,"{""ClientIP"":""198.51.100.77"",""CreationTime"":""2026-08-04T09:50:00Z"",""Id"":""00000000-0000-4000-8000-000000000011"",""Operation"":""UserLoggedIn"",""Organization"":""northstar.example"",""ResultStatus"":""Success"",""UserAgent"":""Mozilla/5.0 (Windows NT 10.0; Win64; x64)"",""UserId"":""casey.morgan@northstar.example"",""Workload"":""AzureActiveDirectory""}",11,120,northstar-audit-011,true,Unchanged
ExchangeAdmin,4/08/2026 10:01:00 AM,casey.morgan@northstar.example,New-InboxRule,"{""ClientIP"":""198.51.100.77:49152"",""CreationTime"":""2026-08-04T10:01:00Z"",""From"":""finance@northstar.example"",""Id"":""00000000-0000-4000-8000-000000000012"",""MarkAsRead"":true,""MoveToFolder"":""RSS Feeds"",""Operation"":""New-InboxRule"",""Organization"":""northstar.example"",""RuleName"":""."",""StopProcessingRules"":true,""UserId"":""casey.morgan@northstar.example"",""Workload"":""Exchange""}",12,120,northstar-audit-012,true,Unchanged
SharePointFileOperation,4/08/2026 10:12:00 AM,casey.morgan@northstar.example,FileDownloaded,"{""ClientIP"":""198.51.100.77"",""CreationTime"":""2026-08-04T10:12:00Z"",""Id"":""00000000-0000-4000-8000-000000000013"",""Operation"":""FileDownloaded"",""Organization"":""northstar.example"",""SiteUrl"":""https://northstar.example/sites/Orion"",""SourceFileName"":""Orion-Financial-01.pdf"",""SourceRelativeUrl"":""Shared Documents/Project Orion"",""UserId"":""casey.morgan@northstar.example"",""Workload"":""SharePoint""}",13,120,northstar-audit-013,true,Unchanged
SharePointFileOperation,4/08/2026 10:23:00 AM,casey.morgan@northstar.example,FileDownloaded,"{""ClientIP"":""198.51.100.77"",""CreationTime"":""2026-08-04T10:23:00Z"",""Id"":""00000000-0000-4000-8000-000000000014"",""Operation"":""FileDownloaded"",""Organization"":""northstar.example"",""SiteUrl"":""https://northstar.example/sites/Orion"",""SourceFileName"":""Orion-Financial-02.pdf"",""SourceRelativeUrl"":""Shared Documents/Project Orion"",""UserId"":""casey.morgan@northstar.example"",""Workload"":""SharePoint""}",14,120,northstar-audit-014,true,Unchanged
SharePointFileOperation,4/08/2026 10:34:00 AM,casey.morgan@northstar.example,FileDownloaded,"{""ClientIP"":""198.51.100.77"",""CreationTime"":""2026-08-04T10:34:00Z"",""Id"":""00000000-0000-4000-8000-000000000015"",""Operation"":""FileDownloaded"",""Organization"":""northstar.example"",""SiteUrl"":""https://northstar.example/sites/Orion"",""SourceFileName"":""Orion-Financial-03.pdf"",""SourceRelativeUrl"":""Shared Documents/Project Orion"",""UserId"":""casey.morgan@northstar.example"",""Workload"":""SharePoint""}",15,120,northstar-audit-015,true,Unchanged
SharePointFileOperation,4/08/2026 10:45:00 AM,casey.morgan@northstar.example,FileDownloaded,"{""ClientIP"":""198.51.100.77"",""CreationTime"":""2026-08-04T10:45:00Z"",""Id"":""00000000-0000-4000-8000-000000000016"",""Operation"":""FileDownloaded"",""Organization"":""northstar.example"",""SiteUrl"":""https://northstar.example/sites/Orion"",""SourceFileName"":""Orion-Financial-04.pdf"",""SourceRelativeUrl"":""Shared Documents/Project Orion"",""UserId"":""casey.morgan@northstar.example"",""Workload"":""SharePoint""}",16,120,northstar-audit-016,true,Unchanged
SharePointFileOperation,4/08/2026 10:56:00 AM,casey.morgan@northstar.example,FileDownloaded,"{""ClientIP"":""198.51.100.77"",""CreationTime"":""2026-08-04T10:56:00Z"",""Id"":""00000000-0000-4000-8000-000000000017"",""Operation"":""FileDownloaded"",""Organization"":""northstar.example"",""SiteUrl"":""https://northstar.example/sites/Orion"",""SourceFileName"":""Orion-Financial-05.pdf"",""SourceRelativeUrl"":""Shared Documents/Project Orion"",""UserId"":""casey.morgan@northstar.example"",""Workload"":""SharePoint""}",17,120,northstar-audit-017,true,Unchanged
SharePointFileOperation,4/08/2026 11:07:00 AM,casey.morgan@northstar.example,FileDownloaded,"{""ClientIP"":""198.51.100.77"",""CreationTime"":""2026-08-04T11:07:00Z"",""Id"":""00000000-0000-4000-8000-000000000018"",""Operation"":""FileDownloaded"",""Organization"":""northstar.example"",""SiteUrl"":""https://northstar.example/sites/Orion"",""SourceFileName"":""Orion-Financial-06.pdf"",""SourceRelativeUrl"":""Shared Documents/Project Orion"",""UserId"":""casey.morgan@northstar.example"",""Workload"":""SharePoint""}",18,120,northstar-audit-018,true,Unchanged
SharePointFileOperation,4/08/2026 11:18:00 AM,casey.morgan@northstar.example,FileDownloaded,"{""ClientIP"":""198.51.100.77"",""CreationTime"":""2026-08-04T11:18:00Z"",""Id"":""00000000-0000-4000-8000-000000000019"",""Operation"":""FileDownloaded"",""Organization"":""northstar.example"",""SiteUrl"":""https://northstar.example/sites/Orion"",""SourceFileName"":""Orion-Financial-07.pdf"",""SourceRelativeUrl"":""Shared Documents/Project Orion"",""UserId"":""casey.morgan@northstar.example"",""Workload"":""SharePoint""}",19,120,northstar-audit-019,true,Unchanged
SharePointFileOperation,4/08/2026 11:29:00 AM,casey.morgan@northstar.example,FileDownloaded,"{""ClientIP"":""198.51.100.77"",""CreationTime"":""2026-08-04T11:29:00Z"",""Id"":""00000000-0000-4000-8000-000000000020"",""Operation"":""FileDownloaded"",""Organization"":""northstar.example"",""SiteUrl"":""https://northstar.example/sites/Orion"",""SourceFileName"":""Orion-Financial-08.pdf"",""SourceRelativeUrl"":""Shared Documents/Project Orion"",""UserId"":""casey.morgan@northstar.example"",""Workload"":""SharePoint""}",20,120,northstar-audit-020,true,Unchanged
ExchangeItem,4/08/2026 11:40:00 AM,casey.morgan@northstar.example,Send,"{""ClientIP"":""198.51.100.77"",""CreationTime"":""2026-08-04T11:40:00Z"",""Id"":""00000000-0000-4000-8000-000000000021"",""Operation"":""Send"",""Organization"":""northstar.example"",""Recipients"":[""vendor@example.invalid""],""Subject"":""Updated payment instructions"",""UserId"":""casey.morgan@northstar.example"",""Workload"":""Exchange""}",21,120,northstar-audit-021,true,Unchanged
ExchangeItem,4/08/2026 11:51:00 AM,casey.morgan@northstar.example,SoftDelete,"{""ClientIP"":""198.51.100.77"",""CreationTime"":""2026-08-04T11:51:00Z"",""Id"":""00000000-0000-4000-8000-000000000022"",""Operation"":""SoftDelete"",""Organization"":""northstar.example"",""Subject"":""Unusual sign-in detected"",""UserId"":""casey.morgan@northstar.example"",""Workload"":""Exchange""}",22,120,northstar-audit-022,true,Unchanged
AzureActiveDirectoryStsLogon,4/08/2026 12:02:00 PM,casey.morgan@northstar.example,UserLoggedIn,"{""ClientIP"":""203.0.113.18"",""CreationTime"":""2026-08-04T12:02:00Z"",""Id"":""00000000-0000-4000-8000-000000000023"",""Operation"":""UserLoggedIn"",""Organization"":""northstar.example"",""ResultStatus"":""Success"",""SessionId"":""session-023"",""UserId"":""casey.morgan@northstar.example"",""Workload"":""AzureActiveDirectory""}",23,120,northstar-audit-023,true,Unchanged
ExchangeItemAggregated,4/08/2026 12:13:00 PM,casey.morgan@northstar.example,MailItemsAccessed,"{""ClientIP"":""203.0.113.18"",""CreationTime"":""2026-08-04T12:13:00Z"",""Folder"":""Inbox"",""Id"":""00000000-0000-4000-8000-000000000024"",""Operation"":""MailItemsAccessed"",""Organization"":""northstar.example"",""SessionId"":""session-024"",""UserId"":""casey.morgan@northstar.example"",""Workload"":""Exchange""}",24,120,northstar-audit-024,true,Unchanged
SharePointFileOperation,4/08/2026 12:24:00 PM,casey.morgan@northstar.example,FilePreviewed,"{""ClientIP"":""203.0.113.18"",""CreationTime"":""2026-08-04T12:24:00Z"",""Id"":""00000000-0000-4000-8000-000000000025"",""Operation"":""FilePreviewed"",""Organization"":""northstar.example"",""SessionId"":""session-025"",""SiteUrl"":""https://northstar.example/sites/Operations"",""UserId"":""casey.morgan@northstar.example"",""Workload"":""SharePoint""}",25,120,northstar-audit-025,true,Unchanged
SharePointFileOperation,4/08/2026 12:35:00 PM,casey.morgan@northstar.example,FileAccessed,"{""ClientIP"":""203.0.113.22"",""CreationTime"":""2026-08-04T12:35:00Z"",""Id"":""00000000-0000-4000-8000-000000000026"",""Operation"":""FileAccessed"",""Organization"":""northstar.example"",""SessionId"":""session-026"",""SourceFileName"":""Weekly-status.docx"",""UserId"":""casey.morgan@northstar.example"",""Workload"":""OneDrive""}",26,120,northstar-audit-026,true,Unchanged
SharePoint,4/08/2026 12:46:00 PM,casey.morgan@northstar.example,PageViewed,"{""ClientIP"":""203.0.113.22"",""CreationTime"":""2026-08-04T12:46:00Z"",""Id"":""00000000-0000-4000-8000-000000000027"",""ObjectId"":""https://northstar.example/sites/Operations/SitePages/Home.aspx"",""Operation"":""PageViewed"",""Organization"":""northstar.example"",""SessionId"":""session-027"",""UserId"":""casey.morgan@northstar.example"",""Workload"":""SharePoint""}",27,120,northstar-audit-027,true,Unchanged
ExchangeItemGroup,4/08/2026 12:57:00 PM,casey.morgan@northstar.example,SearchQueryPerformed,"{""ClientIP"":""203.0.113.18"",""CreationTime"":""2026-08-04T12:57:00Z"",""Id"":""00000000-0000-4000-8000-000000000028"",""Operation"":""SearchQueryPerformed"",""Organization"":""northstar.example"",""QueryText"":""project status"",""SessionId"":""session-028"",""UserId"":""casey.morgan@northstar.example"",""Workload"":""Exchange""}",28,120,northstar-audit-028,true,Unchanged
AzureActiveDirectoryStsLogon,4/08/2026 1:08:00 PM,casey.morgan@northstar.example,UserLoggedIn,"{""ClientIP"":""203.0.113.18"",""CreationTime"":""2026-08-04T13:08:00Z"",""Id"":""00000000-0000-4000-8000-000000000029"",""Operation"":""UserLoggedIn"",""Organization"":""northstar.example"",""ResultStatus"":""Success"",""SessionId"":""session-029"",""UserId"":""casey.morgan@northstar.example"",""Workload"":""AzureActiveDirectory""}",29,120,northstar-audit-029,true,Unchanged
ExchangeItemAggregated,4/08/2026 1:19:00 PM,casey.morgan@northstar.example,MailItemsAccessed,"{""ClientIP"":""203.0.113.18"",""CreationTime"":""2026-08-04T13:19:00Z"",""Folder"":""Inbox"",""Id"":""00000000-0000-4000-8000-000000000030"",""Operation"":""MailItemsAccessed"",""Organization"":""northstar.example"",""SessionId"":""session-030"",""UserId"":""casey.morgan@northstar.example"",""Workload"":""Exchange""}",30,120,northstar-audit-030,true,Unchanged
SharePointFileOperation,4/08/2026 1:30:00 PM,casey.morgan@northstar.example,FilePreviewed,"{""ClientIP"":""203.0.113.18"",""CreationTime"":""2026-08-04T13:30:00Z"",""Id"":""00000000-0000-4000-8000-000000000031"",""Operation"":""FilePreviewed"",""Organization"":""northstar.example"",""SessionId"":""session-031"",""SiteUrl"":""https://northstar.example/sites/Operations"",""UserId"":""casey.morgan@northstar.example"",""Workload"":""SharePoint""}",31,120,northstar-audit-031,true,Unchanged
SharePointFileOperation,4/08/2026 1:41:00 PM,casey.morgan@northstar.example,FileAccessed,"{""ClientIP"":""203.0.113.22"",""CreationTime"":""2026-08-04T13:41:00Z"",""Id"":""00000000-0000-4000-8000-000000000032"",""Operation"":""FileAccessed"",""Organization"":""northstar.example"",""SessionId"":""session-032"",""SourceFileName"":""Weekly-status.docx"",""UserId"":""casey.morgan@northstar.example"",""Workload"":""OneDrive""}",32,120,northstar-audit-032,true,Unchanged
SharePoint,4/08/2026 1:52:00 PM,casey.morgan@northstar.example,PageViewed,"{""ClientIP"":""203.0.113.22"",""CreationTime"":""2026-08-04T13:52:00Z"",""Id"":""00000000-0000-4000-8000-000000000033"",""ObjectId"":""https://northstar.example/sites/Operations/SitePages/Home.aspx"",""Operation"":""PageViewed"",""Organization"":""northstar.example"",""SessionId"":""session-033"",""UserId"":""casey.morgan@northstar.example"",""Workload"":""SharePoint""}",33,120,northstar-audit-033,true,Unchanged
ExchangeItemGroup,4/08/2026 2:03:00 PM,casey.morgan@northstar.example,SearchQueryPerformed,"{""ClientIP"":""203.0.113.18"",""CreationTime"":""2026-08-04T14:03:00Z"",""Id"":""00000000-0000-4000-8000-000000000034"",""Operation"":""SearchQueryPerformed"",""Organization"":""northstar.example"",""QueryText"":""project status"",""SessionId"":""session-034"",""UserId"":""casey.morgan@northstar.example"",""Workload"":""Exchange""}",34,120,northstar-audit-034,true,Unchanged
AzureActiveDirectoryStsLogon,4/08/2026 2:14:00 PM,casey.morgan@northstar.example,UserLoggedIn,"{""ClientIP"":""203.0.113.18"",""CreationTime"":""2026-08-04T14:14:00Z"",""Id"":""00000000-0000-4000-8000-000000000035"",""Operation"":""UserLoggedIn"",""Organization"":""northstar.example"",""ResultStatus"":""Success"",""SessionId"":""session-035"",""UserId"":""casey.morgan@northstar.example"",""Workload"":""AzureActiveDirectory""}",35,120,northstar-audit-035,true,Unchanged
ExchangeItemAggregated,4/08/2026 2:25:00 PM,casey.morgan@northstar.example,MailItemsAccessed,"{""ClientIP"":""203.0.113.18"",""CreationTime"":""2026-08-04T14:25:00Z"",""Folder"":""Inbox"",""Id"":""00000000-0000-4000-8000-000000000036"",""Operation"":""MailItemsAccessed"",""Organization"":""northstar.example"",""SessionId"":""session-036"",""UserId"":""casey.morgan@northstar.example"",""Workload"":""Exchange""}",36,120,northstar-audit-036,true,Unchanged
SharePointFileOperation,4/08/2026 2:36:00 PM,casey.morgan@northstar.example,FilePreviewed,"{""ClientIP"":""203.0.113.18"",""CreationTime"":""2026-08-04T14:36:00Z"",""Id"":""00000000-0000-4000-8000-000000000037"",""Operation"":""FilePreviewed"",""Organization"":""northstar.example"",""SessionId"":""session-037"",""SiteUrl"":""https://northstar.example/sites/Operations"",""UserId"":""casey.morgan@northstar.example"",""Workload"":""SharePoint""}",37,120,northstar-audit-037,true,Unchanged
SharePointFileOperation,4/08/2026 2:47:00 PM,casey.morgan@northstar.example,FileAccessed,"{""ClientIP"":""203.0.113.22"",""CreationTime"":""2026-08-04T14:47:00Z"",""Id"":""00000000-0000-4000-8000-000000000038"",""Operation"":""FileAccessed"",""Organization"":""northstar.example"",""SessionId"":""session-038"",""SourceFileName"":""Weekly-status.docx"",""UserId"":""casey.morgan@northstar.example"",""Workload"":""OneDrive""}",38,120,northstar-audit-038,true,Unchanged
SharePoint,4/08/2026 2:58:00 PM,casey.morgan@northstar.example,PageViewed,"{""ClientIP"":""203.0.113.22"",""CreationTime"":""2026-08-04T14:58:00Z"",""Id"":""00000000-0000-4000-8000-000000000039"",""ObjectId"":""https://northstar.example/sites/Operations/SitePages/Home.aspx"",""Operation"":""PageViewed"",""Organization"":""northstar.example"",""SessionId"":""session-039"",""UserId"":""casey.morgan@northstar.example"",""Workload"":""SharePoint""}",39,120,northstar-audit-039,true,Unchanged
ExchangeItemGroup,4/08/2026 3:09:00 PM,casey.morgan@northstar.example,SearchQueryPerformed,"{""ClientIP"":""203.0.113.18"",""CreationTime"":""2026-08-04T15:09:00Z"",""Id"":""00000000-0000-4000-8000-000000000040"",""Operation"":""SearchQueryPerformed"",""Organization"":""northstar.example"",""QueryText"":""project status"",""SessionId"":""session-040"",""UserId"":""casey.morgan@northstar.example"",""Workload"":""Exchange""}",40,120,northstar-audit-040,true,Unchanged
AzureActiveDirectoryStsLogon,4/08/2026 3:20:00 PM,casey.morgan@northstar.example,UserLoggedIn,"{""ClientIP"":""203.0.113.18"",""CreationTime"":""2026-08-04T15:20:00Z"",""Id"":""00000000-0000-4000-8000-000000000041"",""Operation"":""UserLoggedIn"",""Organization"":""northstar.example"",""ResultStatus"":""Success"",""SessionId"":""session-041"",""UserId"":""casey.morgan@northstar.example"",""Workload"":""AzureActiveDirectory""}",41,120,northstar-audit-041,true,Unchanged
ExchangeItemAggregated,4/08/2026 3:31:00 PM,casey.morgan@northstar.example,MailItemsAccessed,"{""ClientIP"":""203.0.113.18"",""CreationTime"":""2026-08-04T15:31:00Z"",""Folder"":""Inbox"",""Id"":""00000000-0000-4000-8000-000000000042"",""Operation"":""MailItemsAccessed"",""Organization"":""northstar.example"",""SessionId"":""session-042"",""UserId"":""casey.morgan@northstar.example"",""Workload"":""Exchange""}",42,120,northstar-audit-042,true,Unchanged
SharePointFileOperation,4/08/2026 3:42:00 PM,casey.morgan@northstar.example,FilePreviewed,"{""ClientIP"":""203.0.113.18"",""CreationTime"":""2026-08-04T15:42:00Z"",""Id"":""00000000-0000-4000-8000-000000000043"",""Operation"":""FilePreviewed"",""Organization"":""northstar.example"",""SessionId"":""session-043"",""SiteUrl"":""https://northstar.example/sites/Operations"",""UserId"":""casey.morgan@northstar.example"",""Workload"":""SharePoint""}",43,120,northstar-audit-043,true,Unchanged
SharePointFileOperation,4/08/2026 3:53:00 PM,casey.morgan@northstar.example,FileAccessed,"{""ClientIP"":""203.0.113.22"",""CreationTime"":""2026-08-04T15:53:00Z"",""Id"":""00000000-0000-4000-8000-000000000044"",""Operation"":""FileAccessed"",""Organization"":""northstar.example"",""SessionId"":""session-044"",""SourceFileName"":""Weekly-status.docx"",""UserId"":""casey.morgan@northstar.example"",""Workload"":""OneDrive""}",44,120,northstar-audit-044,true,Unchanged
SharePoint,4/08/2026 4:04:00 PM,casey.morgan@northstar.example,PageViewed,"{""ClientIP"":""203.0.113.22"",""CreationTime"":""2026-08-04T16:04:00Z"",""Id"":""00000000-0000-4000-8000-000000000045"",""ObjectId"":""https://northstar.example/sites/Operations/SitePages/Home.aspx"",""Operation"":""PageViewed"",""Organization"":""northstar.example"",""SessionId"":""session-045"",""UserId"":""casey.morgan@northstar.example"",""Workload"":""SharePoint""}",45,120,northstar-audit-045,true,Unchanged
ExchangeItemGroup,4/08/2026 4:15:00 PM,casey.morgan@northstar.example,SearchQueryPerformed,"{""ClientIP"":""203.0.113.18"",""CreationTime"":""2026-08-04T16:15:00Z"",""Id"":""00000000-0000-4000-8000-000000000046"",""Operation"":""SearchQueryPerformed"",""Organization"":""northstar.example"",""QueryText"":""project status"",""SessionId"":""session-046"",""UserId"":""casey.morgan@northstar.example"",""Workload"":""Exchange""}",46,120,northstar-audit-046,true,Unchanged
AzureActiveDirectoryStsLogon,4/08/2026 4:26:00 PM,casey.morgan@northstar.example,UserLoggedIn,"{""ClientIP"":""203.0.113.18"",""CreationTime"":""2026-08-04T16:26:00Z"",""Id"":""00000000-0000-4000-8000-000000000047"",""Operation"":""UserLoggedIn"",""Organization"":""northstar.example"",""ResultStatus"":""Success"",""SessionId"":""session-047"",""UserId"":""casey.morgan@northstar.example"",""Workload"":""AzureActiveDirectory""}",47,120,northstar-audit-047,true,Unchanged
ExchangeItemAggregated,4/08/2026 4:37:00 PM,casey.morgan@northstar.example,MailItemsAccessed,"{""ClientIP"":""203.0.113.18"",""CreationTime"":""2026-08-04T16:37:00Z"",""Folder"":""Inbox"",""Id"":""00000000-0000-4000-8000-000000000048"",""Operation"":""MailItemsAccessed"",""Organization"":""northstar.example"",""SessionId"":""session-048"",""UserId"":""casey.morgan@northstar.example"",""Workload"":""Exchange""}",48,120,northstar-audit-048,true,Unchanged
SharePointFileOperation,4/08/2026 4:48:00 PM,casey.morgan@northstar.example,FilePreviewed,"{""ClientIP"":""203.0.113.18"",""CreationTime"":""2026-08-04T16:48:00Z"",""Id"":""00000000-0000-4000-8000-000000000049"",""Operation"":""FilePreviewed"",""Organization"":""northstar.example"",""SessionId"":""session-049"",""SiteUrl"":""https://northstar.example/sites/Operations"",""UserId"":""casey.morgan@northstar.example"",""Workload"":""SharePoint""}",49,120,northstar-audit-049,true,Unchanged
SharePointFileOperation,4/08/2026 4:59:00 PM,casey.morgan@northstar.example,FileAccessed,"{""ClientIP"":""203.0.113.22"",""CreationTime"":""2026-08-04T16:59:00Z"",""Id"":""00000000-0000-4000-8000-000000000050"",""Operation"":""FileAccessed"",""Organization"":""northstar.example"",""SessionId"":""session-050"",""SourceFileName"":""Weekly-status.docx"",""UserId"":""casey.morgan@northstar.example"",""Workload"":""OneDrive""}",50,120,northstar-audit-050,true,Unchanged
SharePoint,4/08/2026 5:10:00 PM,casey.morgan@northstar.example,PageViewed,"{""ClientIP"":""203.0.113.22"",""CreationTime"":""2026-08-04T17:10:00Z"",""Id"":""00000000-0000-4000-8000-000000000051"",""ObjectId"":""https://northstar.example/sites/Operations/SitePages/Home.aspx"",""Operation"":""PageViewed"",""Organization"":""northstar.example"",""SessionId"":""session-051"",""UserId"":""casey.morgan@northstar.example"",""Workload"":""SharePoint""}",51,120,northstar-audit-051,true,Unchanged
ExchangeItemGroup,4/08/2026 5:21:00 PM,casey.morgan@northstar.example,SearchQueryPerformed,"{""ClientIP"":""203.0.113.18"",""CreationTime"":""2026-08-04T17:21:00Z"",""Id"":""00000000-0000-4000-8000-000000000052"",""Operation"":""SearchQueryPerformed"",""Organization"":""northstar.example"",""QueryText"":""project status"",""SessionId"":""session-052"",""UserId"":""casey.morgan@northstar.example"",""Workload"":""Exchange""}",52,120,northstar-audit-052,true,Unchanged
AzureActiveDirectoryStsLogon,4/08/2026 5:32:00 PM,casey.morgan@northstar.example,UserLoggedIn,"{""ClientIP"":""203.0.113.18"",""CreationTime"":""2026-08-04T17:32:00Z"",""Id"":""00000000-0000-4000-8000-000000000053"",""Operation"":""UserLoggedIn"",""Organization"":""northstar.example"",""ResultStatus"":""Success"",""SessionId"":""session-053"",""UserId"":""casey.morgan@northstar.example"",""Workload"":""AzureActiveDirectory""}",53,120,northstar-audit-053,true,Unchanged
ExchangeItemAggregated,4/08/2026 5:43:00 PM,casey.morgan@northstar.example,MailItemsAccessed,"{""ClientIP"":""203.0.113.18"",""CreationTime"":""2026-08-04T17:43:00Z"",""Folder"":""Inbox"",""Id"":""00000000-0000-4000-8000-000000000054"",""Operation"":""MailItemsAccessed"",""Organization"":""northstar.example"",""SessionId"":""session-054"",""UserId"":""casey.morgan@northstar.example"",""Workload"":""Exchange""}",54,120,northstar-audit-054,true,Unchanged
SharePointFileOperation,4/08/2026 5:54:00 PM,casey.morgan@northstar.example,FilePreviewed,"{""ClientIP"":""203.0.113.18"",""CreationTime"":""2026-08-04T17:54:00Z"",""Id"":""00000000-0000-4000-8000-000000000055"",""Operation"":""FilePreviewed"",""Organization"":""northstar.example"",""SessionId"":""session-055"",""SiteUrl"":""https://northstar.example/sites/Operations"",""UserId"":""casey.morgan@northstar.example"",""Workload"":""SharePoint""}",55,120,northstar-audit-055,true,Unchanged
SharePointFileOperation,4/08/2026 6:05:00 PM,casey.morgan@northstar.example,FileAccessed,"{""ClientIP"":""203.0.113.22"",""CreationTime"":""2026-08-04T18:05:00Z"",""Id"":""00000000-0000-4000-8000-000000000056"",""Operation"":""FileAccessed"",""Organization"":""northstar.example"",""SessionId"":""session-056"",""SourceFileName"":""Weekly-status.docx"",""UserId"":""casey.morgan@northstar.example"",""Workload"":""OneDrive""}",56,120,northstar-audit-056,true,Unchanged
SharePoint,4/08/2026 6:16:00 PM,casey.morgan@northstar.example,PageViewed,"{""ClientIP"":""203.0.113.22"",""CreationTime"":""2026-08-04T18:16:00Z"",""Id"":""00000000-0000-4000-8000-000000000057"",""ObjectId"":""https://northstar.example/sites/Operations/SitePages/Home.aspx"",""Operation"":""PageViewed"",""Organization"":""northstar.example"",""SessionId"":""session-057"",""UserId"":""casey.morgan@northstar.example"",""Workload"":""SharePoint""}",57,120,northstar-audit-057,true,Unchanged
ExchangeItemGroup,4/08/2026 6:27:00 PM,casey.morgan@northstar.example,SearchQueryPerformed,"{""ClientIP"":""203.0.113.18"",""CreationTime"":""2026-08-04T18:27:00Z"",""Id"":""00000000-0000-4000-8000-000000000058"",""Operation"":""SearchQueryPerformed"",""Organization"":""northstar.example"",""QueryText"":""project status"",""SessionId"":""session-058"",""UserId"":""casey.morgan@northstar.example"",""Workload"":""Exchange""}",58,120,northstar-audit-058,true,Unchanged
AzureActiveDirectoryStsLogon,4/08/2026 6:38:00 PM,casey.morgan@northstar.example,UserLoggedIn,"{""ClientIP"":""203.0.113.18"",""CreationTime"":""2026-08-04T18:38:00Z"",""Id"":""00000000-0000-4000-8000-000000000059"",""Operation"":""UserLoggedIn"",""Organization"":""northstar.example"",""ResultStatus"":""Success"",""SessionId"":""session-059"",""UserId"":""casey.morgan@northstar.example"",""Workload"":""AzureActiveDirectory""}",59,120,northstar-audit-059,true,Unchanged
ExchangeItemAggregated,4/08/2026 6:49:00 PM,casey.morgan@northstar.example,MailItemsAccessed,"{""ClientIP"":""203.0.113.18"",""CreationTime"":""2026-08-04T18:49:00Z"",""Folder"":""Inbox"",""Id"":""00000000-0000-4000-8000-000000000060"",""Operation"":""MailItemsAccessed"",""Organization"":""northstar.example"",""SessionId"":""session-060"",""UserId"":""casey.morgan@northstar.example"",""Workload"":""Exchange""}",60,120,northstar-audit-060,true,Unchanged
SharePointFileOperation,4/08/2026 7:00:00 PM,casey.morgan@northstar.example,FilePreviewed,"{""ClientIP"":""203.0.113.18"",""CreationTime"":""2026-08-04T19:00:00Z"",""Id"":""00000000-0000-4000-8000-000000000061"",""Operation"":""FilePreviewed"",""Organization"":""northstar.example"",""SessionId"":""session-061"",""SiteUrl"":""https://northstar.example/sites/Operations"",""UserId"":""casey.morgan@northstar.example"",""Workload"":""SharePoint""}",61,120,northstar-audit-061,true,Unchanged
SharePointFileOperation,4/08/2026 7:11:00 PM,casey.morgan@northstar.example,FileAccessed,"{""ClientIP"":""203.0.113.22"",""CreationTime"":""2026-08-04T19:11:00Z"",""Id"":""00000000-0000-4000-8000-000000000062"",""Operation"":""FileAccessed"",""Organization"":""northstar.example"",""SessionId"":""session-062"",""SourceFileName"":""Weekly-status.docx"",""UserId"":""casey.morgan@northstar.example"",""Workload"":""OneDrive""}",62,120,northstar-audit-062,true,Unchanged
SharePoint,4/08/2026 7:22:00 PM,casey.morgan@northstar.example,PageViewed,"{""ClientIP"":""203.0.113.22"",""CreationTime"":""2026-08-04T19:22:00Z"",""Id"":""00000000-0000-4000-8000-000000000063"",""ObjectId"":""https://northstar.example/sites/Operations/SitePages/Home.aspx"",""Operation"":""PageViewed"",""Organization"":""northstar.example"",""SessionId"":""session-063"",""UserId"":""casey.morgan@northstar.example"",""Workload"":""SharePoint""}",63,120,northstar-audit-063,true,Unchanged
ExchangeItemGroup,4/08/2026 7:33:00 PM,casey.morgan@northstar.example,SearchQueryPerformed,"{""ClientIP"":""203.0.113.18"",""CreationTime"":""2026-08-04T19:33:00Z"",""Id"":""00000000-0000-4000-8000-000000000064"",""Operation"":""SearchQueryPerformed"",""Organization"":""northstar.example"",""QueryText"":""project status"",""SessionId"":""session-064"",""UserId"":""casey.morgan@northstar.example"",""Workload"":""Exchange""}",64,120,northstar-audit-064,true,Unchanged
AzureActiveDirectoryStsLogon,4/08/2026 7:44:00 PM,casey.morgan@northstar.example,UserLoggedIn,"{""ClientIP"":""203.0.113.18"",""CreationTime"":""2026-08-04T19:44:00Z"",""Id"":""00000000-0000-4000-8000-000000000065"",""Operation"":""UserLoggedIn"",""Organization"":""northstar.example"",""ResultStatus"":""Success"",""SessionId"":""session-065"",""UserId"":""casey.morgan@northstar.example"",""Workload"":""AzureActiveDirectory""}",65,120,northstar-audit-065,true,Unchanged
ExchangeItemAggregated,4/08/2026 7:55:00 PM,casey.morgan@northstar.example,MailItemsAccessed,"{""ClientIP"":""203.0.113.18"",""CreationTime"":""2026-08-04T19:55:00Z"",""Folder"":""Inbox"",""Id"":""00000000-0000-4000-8000-000000000066"",""Operation"":""MailItemsAccessed"",""Organization"":""northstar.example"",""SessionId"":""session-066"",""UserId"":""casey.morgan@northstar.example"",""Workload"":""Exchange""}",66,120,northstar-audit-066,true,Unchanged
SharePointFileOperation,4/08/2026 8:06:00 PM,casey.morgan@northstar.example,FilePreviewed,"{""ClientIP"":""203.0.113.18"",""CreationTime"":""2026-08-04T20:06:00Z"",""Id"":""00000000-0000-4000-8000-000000000067"",""Operation"":""FilePreviewed"",""Organization"":""northstar.example"",""SessionId"":""session-067"",""SiteUrl"":""https://northstar.example/sites/Operations"",""UserId"":""casey.morgan@northstar.example"",""Workload"":""SharePoint""}",67,120,northstar-audit-067,true,Unchanged
SharePointFileOperation,4/08/2026 8:17:00 PM,casey.morgan@northstar.example,FileAccessed,"{""ClientIP"":""203.0.113.22"",""CreationTime"":""2026-08-04T20:17:00Z"",""Id"":""00000000-0000-4000-8000-000000000068"",""Operation"":""FileAccessed"",""Organization"":""northstar.example"",""SessionId"":""session-068"",""SourceFileName"":""Weekly-status.docx"",""UserId"":""casey.morgan@northstar.example"",""Workload"":""OneDrive""}",68,120,northstar-audit-068,true,Unchanged
SharePoint,4/08/2026 8:28:00 PM,casey.morgan@northstar.example,PageViewed,"{""ClientIP"":""203.0.113.22"",""CreationTime"":""2026-08-04T20:28:00Z"",""Id"":""00000000-0000-4000-8000-000000000069"",""ObjectId"":""https://northstar.example/sites/Operations/SitePages/Home.aspx"",""Operation"":""PageViewed"",""Organization"":""northstar.example"",""SessionId"":""session-069"",""UserId"":""casey.morgan@northstar.example"",""Workload"":""SharePoint""}",69,120,northstar-audit-069,true,Unchanged
ExchangeItemGroup,4/08/2026 8:39:00 PM,casey.morgan@northstar.example,SearchQueryPerformed,"{""ClientIP"":""203.0.113.18"",""CreationTime"":""2026-08-04T20:39:00Z"",""Id"":""00000000-0000-4000-8000-000000000070"",""Operation"":""SearchQueryPerformed"",""Organization"":""northstar.example"",""QueryText"":""project status"",""SessionId"":""session-070"",""UserId"":""casey.morgan@northstar.example"",""Workload"":""Exchange""}",70,120,northstar-audit-070,true,Unchanged
AzureActiveDirectoryStsLogon,4/08/2026 8:50:00 PM,casey.morgan@northstar.example,UserLoggedIn,"{""ClientIP"":""203.0.113.18"",""CreationTime"":""2026-08-04T20:50:00Z"",""Id"":""00000000-0000-4000-8000-000000000071"",""Operation"":""UserLoggedIn"",""Organization"":""northstar.example"",""ResultStatus"":""Success"",""SessionId"":""session-071"",""UserId"":""casey.morgan@northstar.example"",""Workload"":""AzureActiveDirectory""}",71,120,northstar-audit-071,true,Unchanged
ExchangeItemAggregated,4/08/2026 9:01:00 PM,casey.morgan@northstar.example,MailItemsAccessed,"{""ClientIP"":""203.0.113.18"",""CreationTime"":""2026-08-04T21:01:00Z"",""Folder"":""Inbox"",""Id"":""00000000-0000-4000-8000-000000000072"",""Operation"":""MailItemsAccessed"",""Organization"":""northstar.example"",""SessionId"":""session-072"",""UserId"":""casey.morgan@northstar.example"",""Workload"":""Exchange""}",72,120,northstar-audit-072,true,Unchanged
SharePointFileOperation,4/08/2026 9:12:00 PM,casey.morgan@northstar.example,FilePreviewed,"{""ClientIP"":""203.0.113.18"",""CreationTime"":""2026-08-04T21:12:00Z"",""Id"":""00000000-0000-4000-8000-000000000073"",""Operation"":""FilePreviewed"",""Organization"":""northstar.example"",""SessionId"":""session-073"",""SiteUrl"":""https://northstar.example/sites/Operations"",""UserId"":""casey.morgan@northstar.example"",""Workload"":""SharePoint""}",73,120,northstar-audit-073,true,Unchanged
SharePointFileOperation,4/08/2026 9:23:00 PM,casey.morgan@northstar.example,FileAccessed,"{""ClientIP"":""203.0.113.22"",""CreationTime"":""2026-08-04T21:23:00Z"",""Id"":""00000000-0000-4000-8000-000000000074"",""Operation"":""FileAccessed"",""Organization"":""northstar.example"",""SessionId"":""session-074"",""SourceFileName"":""Weekly-status.docx"",""UserId"":""casey.morgan@northstar.example"",""Workload"":""OneDrive""}",74,120,northstar-audit-074,true,Unchanged
SharePoint,4/08/2026 9:34:00 PM,casey.morgan@northstar.example,PageViewed,"{""ClientIP"":""203.0.113.22"",""CreationTime"":""2026-08-04T21:34:00Z"",""Id"":""00000000-0000-4000-8000-000000000075"",""ObjectId"":""https://northstar.example/sites/Operations/SitePages/Home.aspx"",""Operation"":""PageViewed"",""Organization"":""northstar.example"",""SessionId"":""session-075"",""UserId"":""casey.morgan@northstar.example"",""Workload"":""SharePoint""}",75,120,northstar-audit-075,true,Unchanged
ExchangeItemGroup,4/08/2026 9:45:00 PM,casey.morgan@northstar.example,SearchQueryPerformed,"{""ClientIP"":""203.0.113.18"",""CreationTime"":""2026-08-04T21:45:00Z"",""Id"":""00000000-0000-4000-8000-000000000076"",""Operation"":""SearchQueryPerformed"",""Organization"":""northstar.example"",""QueryText"":""project status"",""SessionId"":""session-076"",""UserId"":""casey.morgan@northstar.example"",""Workload"":""Exchange""}",76,120,northstar-audit-076,true,Unchanged
AzureActiveDirectoryStsLogon,4/08/2026 9:56:00 PM,casey.morgan@northstar.example,UserLoggedIn,"{""ClientIP"":""203.0.113.18"",""CreationTime"":""2026-08-04T21:56:00Z"",""Id"":""00000000-0000-4000-8000-000000000077"",""Operation"":""UserLoggedIn"",""Organization"":""northstar.example"",""ResultStatus"":""Success"",""SessionId"":""session-077"",""UserId"":""casey.morgan@northstar.example"",""Workload"":""AzureActiveDirectory""}",77,120,northstar-audit-077,true,Unchanged
ExchangeItemAggregated,4/08/2026 10:07:00 PM,casey.morgan@northstar.example,MailItemsAccessed,"{""ClientIP"":""203.0.113.18"",""CreationTime"":""2026-08-04T22:07:00Z"",""Folder"":""Inbox"",""Id"":""00000000-0000-4000-8000-000000000078"",""Operation"":""MailItemsAccessed"",""Organization"":""northstar.example"",""SessionId"":""session-078"",""UserId"":""casey.morgan@northstar.example"",""Workload"":""Exchange""}",78,120,northstar-audit-078,true,Unchanged
SharePointFileOperation,4/08/2026 10:18:00 PM,casey.morgan@northstar.example,FilePreviewed,"{""ClientIP"":""203.0.113.18"",""CreationTime"":""2026-08-04T22:18:00Z"",""Id"":""00000000-0000-4000-8000-000000000079"",""Operation"":""FilePreviewed"",""Organization"":""northstar.example"",""SessionId"":""session-079"",""SiteUrl"":""https://northstar.example/sites/Operations"",""UserId"":""casey.morgan@northstar.example"",""Workload"":""SharePoint""}",79,120,northstar-audit-079,true,Unchanged
SharePointFileOperation,4/08/2026 10:29:00 PM,casey.morgan@northstar.example,FileAccessed,"{""ClientIP"":""203.0.113.22"",""CreationTime"":""2026-08-04T22:29:00Z"",""Id"":""00000000-0000-4000-8000-000000000080"",""Operation"":""FileAccessed"",""Organization"":""northstar.example"",""SessionId"":""session-080"",""SourceFileName"":""Weekly-status.docx"",""UserId"":""casey.morgan@northstar.example"",""Workload"":""OneDrive""}",80,120,northstar-audit-080,true,Unchanged
SharePoint,4/08/2026 10:40:00 PM,casey.morgan@northstar.example,PageViewed,"{""ClientIP"":""203.0.113.22"",""CreationTime"":""2026-08-04T22:40:00Z"",""Id"":""00000000-0000-4000-8000-000000000081"",""ObjectId"":""https://northstar.example/sites/Operations/SitePages/Home.aspx"",""Operation"":""PageViewed"",""Organization"":""northstar.example"",""SessionId"":""session-081"",""UserId"":""casey.morgan@northstar.example"",""Workload"":""SharePoint""}",81,120,northstar-audit-081,true,Unchanged
ExchangeItemGroup,4/08/2026 10:51:00 PM,casey.morgan@northstar.example,SearchQueryPerformed,"{""ClientIP"":""203.0.113.18"",""CreationTime"":""2026-08-04T22:51:00Z"",""Id"":""00000000-0000-4000-8000-000000000082"",""Operation"":""SearchQueryPerformed"",""Organization"":""northstar.example"",""QueryText"":""project status"",""SessionId"":""session-082"",""UserId"":""casey.morgan@northstar.example"",""Workload"":""Exchange""}",82,120,northstar-audit-082,true,Unchanged
AzureActiveDirectoryStsLogon,4/08/2026 11:02:00 PM,casey.morgan@northstar.example,UserLoggedIn,"{""ClientIP"":""203.0.113.18"",""CreationTime"":""2026-08-04T23:02:00Z"",""Id"":""00000000-0000-4000-8000-000000000083"",""Operation"":""UserLoggedIn"",""Organization"":""northstar.example"",""ResultStatus"":""Success"",""SessionId"":""session-083"",""UserId"":""casey.morgan@northstar.example"",""Workload"":""AzureActiveDirectory""}",83,120,northstar-audit-083,true,Unchanged
ExchangeItemAggregated,4/08/2026 11:13:00 PM,casey.morgan@northstar.example,MailItemsAccessed,"{""ClientIP"":""203.0.113.18"",""CreationTime"":""2026-08-04T23:13:00Z"",""Folder"":""Inbox"",""Id"":""00000000-0000-4000-8000-000000000084"",""Operation"":""MailItemsAccessed"",""Organization"":""northstar.example"",""SessionId"":""session-084"",""UserId"":""casey.morgan@northstar.example"",""Workload"":""Exchange""}",84,120,northstar-audit-084,true,Unchanged
SharePointFileOperation,4/08/2026 11:24:00 PM,casey.morgan@northstar.example,FilePreviewed,"{""ClientIP"":""203.0.113.18"",""CreationTime"":""2026-08-04T23:24:00Z"",""Id"":""00000000-0000-4000-8000-000000000085"",""Operation"":""FilePreviewed"",""Organization"":""northstar.example"",""SessionId"":""session-085"",""SiteUrl"":""https://northstar.example/sites/Operations"",""UserId"":""casey.morgan@northstar.example"",""Workload"":""SharePoint""}",85,120,northstar-audit-085,true,Unchanged
SharePointFileOperation,4/08/2026 11:35:00 PM,casey.morgan@northstar.example,FileAccessed,"{""ClientIP"":""203.0.113.22"",""CreationTime"":""2026-08-04T23:35:00Z"",""Id"":""00000000-0000-4000-8000-000000000086"",""Operation"":""FileAccessed"",""Organization"":""northstar.example"",""SessionId"":""session-086"",""SourceFileName"":""Weekly-status.docx"",""UserId"":""casey.morgan@northstar.example"",""Workload"":""OneDrive""}",86,120,northstar-audit-086,true,Unchanged
SharePoint,4/08/2026 11:46:00 PM,casey.morgan@northstar.example,PageViewed,"{""ClientIP"":""203.0.113.22"",""CreationTime"":""2026-08-04T23:46:00Z"",""Id"":""00000000-0000-4000-8000-000000000087"",""ObjectId"":""https://northstar.example/sites/Operations/SitePages/Home.aspx"",""Operation"":""PageViewed"",""Organization"":""northstar.example"",""SessionId"":""session-087"",""UserId"":""casey.morgan@northstar.example"",""Workload"":""SharePoint""}",87,120,northstar-audit-087,true,Unchanged
ExchangeItemGroup,4/08/2026 11:57:00 PM,casey.morgan@northstar.example,SearchQueryPerformed,"{""ClientIP"":""203.0.113.18"",""CreationTime"":""2026-08-04T23:57:00Z"",""Id"":""00000000-0000-4000-8000-000000000088"",""Operation"":""SearchQueryPerformed"",""Organization"":""northstar.example"",""QueryText"":""project status"",""SessionId"":""session-088"",""UserId"":""casey.morgan@northstar.example"",""Workload"":""Exchange""}",88,120,northstar-audit-088,true,Unchanged
AzureActiveDirectoryStsLogon,5/08/2026 12:08:00 AM,casey.morgan@northstar.example,UserLoggedIn,"{""ClientIP"":""203.0.113.18"",""CreationTime"":""2026-08-05T00:08:00Z"",""Id"":""00000000-0000-4000-8000-000000000089"",""Operation"":""UserLoggedIn"",""Organization"":""northstar.example"",""ResultStatus"":""Success"",""SessionId"":""session-089"",""UserId"":""casey.morgan@northstar.example"",""Workload"":""AzureActiveDirectory""}",89,120,northstar-audit-089,true,Unchanged
ExchangeItemAggregated,5/08/2026 12:19:00 AM,casey.morgan@northstar.example,MailItemsAccessed,"{""ClientIP"":""203.0.113.18"",""CreationTime"":""2026-08-05T00:19:00Z"",""Folder"":""Inbox"",""Id"":""00000000-0000-4000-8000-000000000090"",""Operation"":""MailItemsAccessed"",""Organization"":""northstar.example"",""SessionId"":""session-090"",""UserId"":""casey.morgan@northstar.example"",""Workload"":""Exchange""}",90,120,northstar-audit-090,true,Unchanged
SharePointFileOperation,5/08/2026 12:30:00 AM,casey.morgan@northstar.example,FilePreviewed,"{""ClientIP"":""203.0.113.18"",""CreationTime"":""2026-08-05T00:30:00Z"",""Id"":""00000000-0000-4000-8000-000000000091"",""Operation"":""FilePreviewed"",""Organization"":""northstar.example"",""SessionId"":""session-091"",""SiteUrl"":""https://northstar.example/sites/Operations"",""UserId"":""casey.morgan@northstar.example"",""Workload"":""SharePoint""}",91,120,northstar-audit-091,true,Unchanged
SharePointFileOperation,5/08/2026 12:41:00 AM,casey.morgan@northstar.example,FileAccessed,"{""ClientIP"":""203.0.113.22"",""CreationTime"":""2026-08-05T00:41:00Z"",""Id"":""00000000-0000-4000-8000-000000000092"",""Operation"":""FileAccessed"",""Organization"":""northstar.example"",""SessionId"":""session-092"",""SourceFileName"":""Weekly-status.docx"",""UserId"":""casey.morgan@northstar.example"",""Workload"":""OneDrive""}",92,120,northstar-audit-092,true,Unchanged
SharePoint,5/08/2026 12:52:00 AM,casey.morgan@northstar.example,PageViewed,"{""ClientIP"":""203.0.113.22"",""CreationTime"":""2026-08-05T00:52:00Z"",""Id"":""00000000-0000-4000-8000-000000000093"",""ObjectId"":""https://northstar.example/sites/Operations/SitePages/Home.aspx"",""Operation"":""PageViewed"",""Organization"":""northstar.example"",""SessionId"":""session-093"",""UserId"":""casey.morgan@northstar.example"",""Workload"":""SharePoint""}",93,120,northstar-audit-093,true,Unchanged
ExchangeItemGroup,5/08/2026 1:03:00 AM,casey.morgan@northstar.example,SearchQueryPerformed,"{""ClientIP"":""203.0.113.18"",""CreationTime"":""2026-08-05T01:03:00Z"",""Id"":""00000000-0000-4000-8000-000000000094"",""Operation"":""SearchQueryPerformed"",""Organization"":""northstar.example"",""QueryText"":""project status"",""SessionId"":""session-094"",""UserId"":""casey.morgan@northstar.example"",""Workload"":""Exchange""}",94,120,northstar-audit-094,true,Unchanged
AzureActiveDirectoryStsLogon,5/08/2026 1:14:00 AM,casey.morgan@northstar.example,UserLoggedIn,"{""ClientIP"":""203.0.113.18"",""CreationTime"":""2026-08-05T01:14:00Z"",""Id"":""00000000-0000-4000-8000-000000000095"",""Operation"":""UserLoggedIn"",""Organization"":""northstar.example"",""ResultStatus"":""Success"",""SessionId"":""session-095"",""UserId"":""casey.morgan@northstar.example"",""Workload"":""AzureActiveDirectory""}",95,120,northstar-audit-095,true,Unchanged
ExchangeItemAggregated,5/08/2026 1:25:00 AM,casey.morgan@northstar.example,MailItemsAccessed,"{""ClientIP"":""203.0.113.18"",""CreationTime"":""2026-08-05T01:25:00Z"",""Folder"":""Inbox"",""Id"":""00000000-0000-4000-8000-000000000096"",""Operation"":""MailItemsAccessed"",""Organization"":""northstar.example"",""SessionId"":""session-096"",""UserId"":""casey.morgan@northstar.example"",""Workload"":""Exchange""}",96,120,northstar-audit-096,true,Unchanged
SharePointFileOperation,5/08/2026 1:36:00 AM,casey.morgan@northstar.example,FilePreviewed,"{""ClientIP"":""203.0.113.18"",""CreationTime"":""2026-08-05T01:36:00Z"",""Id"":""00000000-0000-4000-8000-000000000097"",""Operation"":""FilePreviewed"",""Organization"":""northstar.example"",""SessionId"":""session-097"",""SiteUrl"":""https://northstar.example/sites/Operations"",""UserId"":""casey.morgan@northstar.example"",""Workload"":""SharePoint""}",97,120,northstar-audit-097,true,Unchanged
SharePointFileOperation,5/08/2026 1:47:00 AM,casey.morgan@northstar.example,FileAccessed,"{""ClientIP"":""203.0.113.22"",""CreationTime"":""2026-08-05T01:47:00Z"",""Id"":""00000000-0000-4000-8000-000000000098"",""Operation"":""FileAccessed"",""Organization"":""northstar.example"",""SessionId"":""session-098"",""SourceFileName"":""Weekly-status.docx"",""UserId"":""casey.morgan@northstar.example"",""Workload"":""OneDrive""}",98,120,northstar-audit-098,true,Unchanged
SharePoint,5/08/2026 1:58:00 AM,casey.morgan@northstar.example,PageViewed,"{""ClientIP"":""203.0.113.22"",""CreationTime"":""2026-08-05T01:58:00Z"",""Id"":""00000000-0000-4000-8000-000000000099"",""ObjectId"":""https://northstar.example/sites/Operations/SitePages/Home.aspx"",""Operation"":""PageViewed"",""Organization"":""northstar.example"",""SessionId"":""session-099"",""UserId"":""casey.morgan@northstar.example"",""Workload"":""SharePoint""}",99,120,northstar-audit-099,true,Unchanged
ExchangeItemGroup,5/08/2026 2:09:00 AM,casey.morgan@northstar.example,SearchQueryPerformed,"{""ClientIP"":""203.0.113.18"",""CreationTime"":""2026-08-05T02:09:00Z"",""Id"":""00000000-0000-4000-8000-000000000100"",""Operation"":""SearchQueryPerformed"",""Organization"":""northstar.example"",""QueryText"":""project status"",""SessionId"":""session-100"",""UserId"":""casey.morgan@northstar.example"",""Workload"":""Exchange""}",100,120,northstar-audit-100,true,Unchanged
AzureActiveDirectoryStsLogon,5/08/2026 2:20:00 AM,casey.morgan@northstar.example,UserLoggedIn,"{""ClientIP"":""203.0.113.18"",""CreationTime"":""2026-08-05T02:20:00Z"",""Id"":""00000000-0000-4000-8000-000000000101"",""Operation"":""UserLoggedIn"",""Organization"":""northstar.example"",""ResultStatus"":""Success"",""SessionId"":""session-101"",""UserId"":""casey.morgan@northstar.example"",""Workload"":""AzureActiveDirectory""}",101,120,northstar-audit-101,true,Unchanged
ExchangeItemAggregated,5/08/2026 2:31:00 AM,casey.morgan@northstar.example,MailItemsAccessed,"{""ClientIP"":""203.0.113.18"",""CreationTime"":""2026-08-05T02:31:00Z"",""Folder"":""Inbox"",""Id"":""00000000-0000-4000-8000-000000000102"",""Operation"":""MailItemsAccessed"",""Organization"":""northstar.example"",""SessionId"":""session-102"",""UserId"":""casey.morgan@northstar.example"",""Workload"":""Exchange""}",102,120,northstar-audit-102,true,Unchanged
SharePointFileOperation,5/08/2026 2:42:00 AM,casey.morgan@northstar.example,FilePreviewed,"{""ClientIP"":""203.0.113.18"",""CreationTime"":""2026-08-05T02:42:00Z"",""Id"":""00000000-0000-4000-8000-000000000103"",""Operation"":""FilePreviewed"",""Organization"":""northstar.example"",""SessionId"":""session-103"",""SiteUrl"":""https://northstar.example/sites/Operations"",""UserId"":""casey.morgan@northstar.example"",""Workload"":""SharePoint""}",103,120,northstar-audit-103,true,Unchanged
SharePointFileOperation,5/08/2026 2:53:00 AM,casey.morgan@northstar.example,FileAccessed,"{""ClientIP"":""203.0.113.22"",""CreationTime"":""2026-08-05T02:53:00Z"",""Id"":""00000000-0000-4000-8000-000000000104"",""Operation"":""FileAccessed"",""Organization"":""northstar.example"",""SessionId"":""session-104"",""SourceFileName"":""Weekly-status.docx"",""UserId"":""casey.morgan@northstar.example"",""Workload"":""OneDrive""}",104,120,northstar-audit-104,true,Unchanged
SharePoint,5/08/2026 3:04:00 AM,casey.morgan@northstar.example,PageViewed,"{""ClientIP"":""203.0.113.22"",""CreationTime"":""2026-08-05T03:04:00Z"",""Id"":""00000000-0000-4000-8000-000000000105"",""ObjectId"":""https://northstar.example/sites/Operations/SitePages/Home.aspx"",""Operation"":""PageViewed"",""Organization"":""northstar.example"",""SessionId"":""session-105"",""UserId"":""casey.morgan@northstar.example"",""Workload"":""SharePoint""}",105,120,northstar-audit-105,true,Unchanged
ExchangeItemGroup,5/08/2026 3:15:00 AM,casey.morgan@northstar.example,SearchQueryPerformed,"{""ClientIP"":""203.0.113.18"",""CreationTime"":""2026-08-05T03:15:00Z"",""Id"":""00000000-0000-4000-8000-000000000106"",""Operation"":""SearchQueryPerformed"",""Organization"":""northstar.example"",""QueryText"":""project status"",""SessionId"":""session-106"",""UserId"":""casey.morgan@northstar.example"",""Workload"":""Exchange""}",106,120,northstar-audit-106,true,Unchanged
AzureActiveDirectoryStsLogon,5/08/2026 3:26:00 AM,casey.morgan@northstar.example,UserLoggedIn,"{""ClientIP"":""203.0.113.18"",""CreationTime"":""2026-08-05T03:26:00Z"",""Id"":""00000000-0000-4000-8000-000000000107"",""Operation"":""UserLoggedIn"",""Organization"":""northstar.example"",""ResultStatus"":""Success"",""SessionId"":""session-107"",""UserId"":""casey.morgan@northstar.example"",""Workload"":""AzureActiveDirectory""}",107,120,northstar-audit-107,true,Unchanged
ExchangeItemAggregated,5/08/2026 3:37:00 AM,casey.morgan@northstar.example,MailItemsAccessed,"{""ClientIP"":""203.0.113.18"",""CreationTime"":""2026-08-05T03:37:00Z"",""Folder"":""Inbox"",""Id"":""00000000-0000-4000-8000-000000000108"",""Operation"":""MailItemsAccessed"",""Organization"":""northstar.example"",""SessionId"":""session-108"",""UserId"":""casey.morgan@northstar.example"",""Workload"":""Exchange""}",108,120,northstar-audit-108,true,Unchanged
SharePointFileOperation,5/08/2026 3:48:00 AM,casey.morgan@northstar.example,FilePreviewed,"{""ClientIP"":""203.0.113.18"",""CreationTime"":""2026-08-05T03:48:00Z"",""Id"":""00000000-0000-4000-8000-000000000109"",""Operation"":""FilePreviewed"",""Organization"":""northstar.example"",""SessionId"":""session-109"",""SiteUrl"":""https://northstar.example/sites/Operations"",""UserId"":""casey.morgan@northstar.example"",""Workload"":""SharePoint""}",109,120,northstar-audit-109,true,Unchanged
SharePointFileOperation,5/08/2026 3:59:00 AM,casey.morgan@northstar.example,FileAccessed,"{""ClientIP"":""203.0.113.22"",""CreationTime"":""2026-08-05T03:59:00Z"",""Id"":""00000000-0000-4000-8000-000000000110"",""Operation"":""FileAccessed"",""Organization"":""northstar.example"",""SessionId"":""session-110"",""SourceFileName"":""Weekly-status.docx"",""UserId"":""casey.morgan@northstar.example"",""Workload"":""OneDrive""}",110,120,northstar-audit-110,true,Unchanged
SharePoint,5/08/2026 4:10:00 AM,casey.morgan@northstar.example,PageViewed,"{""ClientIP"":""203.0.113.22"",""CreationTime"":""2026-08-05T04:10:00Z"",""Id"":""00000000-0000-4000-8000-000000000111"",""ObjectId"":""https://northstar.example/sites/Operations/SitePages/Home.aspx"",""Operation"":""PageViewed"",""Organization"":""northstar.example"",""SessionId"":""session-111"",""UserId"":""casey.morgan@northstar.example"",""Workload"":""SharePoint""}",111,120,northstar-audit-111,true,Unchanged
ExchangeItemGroup,5/08/2026 4:21:00 AM,casey.morgan@northstar.example,SearchQueryPerformed,"{""ClientIP"":""203.0.113.18"",""CreationTime"":""2026-08-05T04:21:00Z"",""Id"":""00000000-0000-4000-8000-000000000112"",""Operation"":""SearchQueryPerformed"",""Organization"":""northstar.example"",""QueryText"":""project status"",""SessionId"":""session-112"",""UserId"":""casey.morgan@northstar.example"",""Workload"":""Exchange""}",112,120,northstar-audit-112,true,Unchanged
AzureActiveDirectoryStsLogon,5/08/2026 4:32:00 AM,casey.morgan@northstar.example,UserLoggedIn,"{""ClientIP"":""203.0.113.18"",""CreationTime"":""2026-08-05T04:32:00Z"",""Id"":""00000000-0000-4000-8000-000000000113"",""Operation"":""UserLoggedIn"",""Organization"":""northstar.example"",""ResultStatus"":""Success"",""SessionId"":""session-113"",""UserId"":""casey.morgan@northstar.example"",""Workload"":""AzureActiveDirectory""}",113,120,northstar-audit-113,true,Unchanged
ExchangeItemAggregated,5/08/2026 4:43:00 AM,casey.morgan@northstar.example,MailItemsAccessed,"{""ClientIP"":""203.0.113.18"",""CreationTime"":""2026-08-05T04:43:00Z"",""Folder"":""Inbox"",""Id"":""00000000-0000-4000-8000-000000000114"",""Operation"":""MailItemsAccessed"",""Organization"":""northstar.example"",""SessionId"":""session-114"",""UserId"":""casey.morgan@northstar.example"",""Workload"":""Exchange""}",114,120,northstar-audit-114,true,Unchanged
SharePointFileOperation,5/08/2026 4:54:00 AM,casey.morgan@northstar.example,FilePreviewed,"{""ClientIP"":""203.0.113.18"",""CreationTime"":""2026-08-05T04:54:00Z"",""Id"":""00000000-0000-4000-8000-000000000115"",""Operation"":""FilePreviewed"",""Organization"":""northstar.example"",""SessionId"":""session-115"",""SiteUrl"":""https://northstar.example/sites/Operations"",""UserId"":""casey.morgan@northstar.example"",""Workload"":""SharePoint""}",115,120,northstar-audit-115,true,Unchanged
SharePointFileOperation,5/08/2026 5:05:00 AM,casey.morgan@northstar.example,FileAccessed,"{""ClientIP"":""203.0.113.22"",""CreationTime"":""2026-08-05T05:05:00Z"",""Id"":""00000000-0000-4000-8000-000000000116"",""Operation"":""FileAccessed"",""Organization"":""northstar.example"",""SessionId"":""session-116"",""SourceFileName"":""Weekly-status.docx"",""UserId"":""casey.morgan@northstar.example"",""Workload"":""OneDrive""}",116,120,northstar-audit-116,true,Unchanged
SharePoint,5/08/2026 5:16:00 AM,casey.morgan@northstar.example,PageViewed,"{""ClientIP"":""203.0.113.22"",""CreationTime"":""2026-08-05T05:16:00Z"",""Id"":""00000000-0000-4000-8000-000000000117"",""ObjectId"":""https://northstar.example/sites/Operations/SitePages/Home.aspx"",""Operation"":""PageViewed"",""Organization"":""northstar.example"",""SessionId"":""session-117"",""UserId"":""casey.morgan@northstar.example"",""Workload"":""SharePoint""}",117,120,northstar-audit-117,true,Unchanged
ExchangeItemGroup,5/08/2026 5:27:00 AM,casey.morgan@northstar.example,SearchQueryPerformed,"{""ClientIP"":""203.0.113.18"",""CreationTime"":""2026-08-05T05:27:00Z"",""Id"":""00000000-0000-4000-8000-000000000118"",""Operation"":""SearchQueryPerformed"",""Organization"":""northstar.example"",""QueryText"":""project status"",""SessionId"":""session-118"",""UserId"":""casey.morgan@northstar.example"",""Workload"":""Exchange""}",118,120,northstar-audit-118,true,Unchanged
AzureActiveDirectoryStsLogon,5/08/2026 5:38:00 AM,casey.morgan@northstar.example,UserLoggedIn,"{""ClientIP"":""203.0.113.18"",""CreationTime"":""2026-08-05T05:38:00Z"",""Id"":""00000000-0000-4000-8000-000000000119"",""Operation"":""UserLoggedIn"",""Organization"":""northstar.example"",""ResultStatus"":""Success"",""SessionId"":""session-119"",""UserId"":""casey.morgan@northstar.example"",""Workload"":""AzureActiveDirectory""}",119,120,northstar-audit-119,true,Unchanged
ExchangeItemAggregated,5/08/2026 5:49:00 AM,casey.morgan@northstar.example,MailItemsAccessed,"{""ClientIP"":""203.0.113.18"",""CreationTime"":""2026-08-05T05:49:00Z"",""Folder"":""Inbox"",""Id"":""00000000-0000-4000-8000-000000000120"",""Operation"":""MailItemsAccessed"",""Organization"":""northstar.example"",""SessionId"":""session-120"",""UserId"":""casey.morgan@northstar.example"",""Workload"":""Exchange""}",120,120,northstar-audit-120,true,Unchanged
